{
  "n_events": 50000,
  "event_mix": {
    "limit_ask": 12529,
    "limit_bid": 12746,
    "market_buy": 4141,
    "market_sell": 4130,
    "cancel": 16454
  },
  "repeats": 3,
  "heapx": [
    {
      "push_ns": {
        "n": 25275,
        "mean": 301.1158852621167,
        "median": 291.0,
        "p99": 667.0,
        "total_ms": 7.610704
      },
      "pop_ns": {
        "n": 8271,
        "mean": 543.3234191754323,
        "median": 541.0,
        "p99": 875.0,
        "total_ms": 4.493828
      },
      "cancel_find_ns": {
        "n": 16399,
        "mean": 2702.9112750777485,
        "median": 2625.0,
        "p99": 6209.0,
        "total_ms": 44.325042
      },
      "cancel_maintain_ns": {
        "n": 16399,
        "mean": 266.74035002134275,
        "median": 250.0,
        "p99": 375.0,
        "total_ms": 4.374275
      },
      "wall_s": 0.06863320805132389
    },
    {
      "push_ns": {
        "n": 25275,
        "mean": 302.4446290801187,
        "median": 291.0,
        "p99": 500.0,
        "total_ms": 7.644288
      },
      "pop_ns": {
        "n": 8271,
        "mean": 546.0085842098899,
        "median": 541.0,
        "p99": 750.0,
        "total_ms": 4.516037
      },
      "cancel_find_ns": {
        "n": 16399,
        "mean": 2624.4936276602234,
        "median": 2542.0,
        "p99": 5958.0,
        "total_ms": 43.039071
      },
      "cancel_maintain_ns": {
        "n": 16399,
        "mean": 279.7060796390024,
        "median": 291.0,
        "p99": 375.8200000000179,
        "total_ms": 4.5869
      },
      "wall_s": 0.06774137518368661
    },
    {
      "push_ns": {
        "n": 25275,
        "mean": 305.3397823936696,
        "median": 291.0,
        "p99": 594.6599999999344,
        "total_ms": 7.717463
      },
      "pop_ns": {
        "n": 8271,
        "mean": 547.7597630274453,
        "median": 541.0,
        "p99": 833.0,
        "total_ms": 4.530521
      },
      "cancel_find_ns": {
        "n": 16399,
        "mean": 2599.2450759192634,
        "median": 2500.0,
        "p99": 5875.0,
        "total_ms": 42.62502
      },
      "cancel_maintain_ns": {
        "n": 16399,
        "mean": 283.0798219403622,
        "median": 291.0,
        "p99": 416.0,
        "total_ms": 4.642226
      },
      "wall_s": 0.0676691250409931
    }
  ],
  "heapq": [
    {
      "push_ns": {
        "n": 25275,
        "mean": 307.58995054401584,
        "median": 292.0,
        "p99": 666.0,
        "total_ms": 7.774336
      },
      "pop_ns": {
        "n": 8271,
        "mean": 578.0801595937613,
        "median": 583.0,
        "p99": 958.3000000000002,
        "total_ms": 4.781301
      },
      "cancel_find_ns": {
        "n": 16399,
        "mean": 3000.158058418196,
        "median": 2917.0,
        "p99": 6625.0,
        "total_ms": 49.199592
      },
      "cancel_maintain_ns": {
        "n": 16399,
        "mean": 7196.098847490701,
        "median": 7291.0,
        "p99": 9000.0,
        "total_ms": 118.008825
      },
      "wall_s": 0.18880324997007847
    },
    {
      "push_ns": {
        "n": 25275,
        "mean": 309.03351137487635,
        "median": 292.0,
        "p99": 667.0,
        "total_ms": 7.810822
      },
      "pop_ns": {
        "n": 8271,
        "mean": 581.4567766896384,
        "median": 583.0,
        "p99": 958.0,
        "total_ms": 4.809229
      },
      "cancel_find_ns": {
        "n": 16399,
        "mean": 3036.286480882981,
        "median": 2958.0,
        "p99": 6625.0,
        "total_ms": 49.792062
      },
      "cancel_maintain_ns": {
        "n": 16399,
        "mean": 7231.416244892981,
        "median": 7292.0,
        "p99": 9125.0,
        "total_ms": 118.587995
      },
      "wall_s": 0.18971604108810425
    },
    {
      "push_ns": {
        "n": 25275,
        "mean": 307.7107418397626,
        "median": 291.0,
        "p99": 667.0,
        "total_ms": 7.777389
      },
      "pop_ns": {
        "n": 8271,
        "mean": 577.0494498851408,
        "median": 583.0,
        "p99": 1000.0,
        "total_ms": 4.772776
      },
      "cancel_find_ns": {
        "n": 16399,
        "mean": 3023.8307823647783,
        "median": 2958.0,
        "p99": 6625.0,
        "total_ms": 49.587801
      },
      "cancel_maintain_ns": {
        "n": 16399,
        "mean": 7246.800292700775,
        "median": 7292.0,
        "p99": 9125.0,
        "total_ms": 118.840278
      },
      "wall_s": 0.18988858396187425
    }
  ]
}