{
  "config": {
    "n_pairs": 2000,
    "beam_width": 200,
    "top_k": 100,
    "rng_seed": 19380110,
    "nj_taxa": 500
  },
  "alignment_single": {
    "heapx_pairs_per_sec": 36.823253219595294,
    "heapq_pairs_per_sec": 36.68429074761375,
    "heapx_time": 54.31350641598692,
    "heapq_time": 54.5192495000083,
    "speedup": 1.0037880648405497
  },
  "arity_comparison": {
    "2": 37.53019198295854,
    "3": 36.19276593041717,
    "4": 36.621611647228946,
    "8": 36.02084205542487
  },
  "neighbor_joining": {
    "heapx": 4.470012875011889,
    "heapq": 4.528955542016774,
    "speedup": 1.0131862409914711
  },
  "parallel_heap_ops": {
    "heapx_nogil": {
      "1": 66043790.19719243,
      "2": 81273091.25274363,
      "4": 76921688.28787686,
      "8": 74518931.15328291
    },
    "heapx_gil": {
      "1": 88640103.32338187,
      "2": 86893431.0489846,
      "4": 85992419.47958137,
      "8": 86938593.17524602
    },
    "heapq": {
      "1": 29826383.598304473,
      "2": 29498113.042601574,
      "4": 29123021.559482917,
      "8": 28906680.533232167
    }
  },
  "multi_library": {
    "heapx": {
      "time": 0.056173291988670826,
      "ops_per_sec": 90078395.28116874
    },
    "heapq": {
      "time": 0.16125408399966545,
      "ops_per_sec": 31379050.219965268
    },
    "sortedcontainers": {
      "time": 0.5017287499795202,
      "ops_per_sec": 10085130.661152149
    },
    "PriorityQueue": {
      "time": 1.6994836249796208,
      "ops_per_sec": 2977374.9659168837
    }
  }
}